"BehaviorSpace results (NetLogo 6.4.0)","Table version 2.0"
"Diffusion 4.nlogo"
"social-influence-experiment"
"07/03/2024 18:41:00:024 -0700"
"min-pxcor","max-pxcor","min-pycor","max-pycor"
"-16","16","-16","16"
"[run number]","density","frac-influential","number-of-agents","network","social-influence","broadcast-influence","influential-weight","[step]","count turtles with [adopted?]","count regulars with [adopted?]","count influentials with [adopted?]"
"1","0.3","0.3","100","random","0.1","0.2","0.7","0","0","0","0"
"2","0.3","0.3","100","random","0.2","0.2","0.7","0","0","0","0"
"3","0.3","0.3","100","random","0.3","0.2","0.7","0","0","0","0"
"4","0.3","0.3","100","random","0.4","0.2","0.7","0","0","0","0"
"3","0.3","0.3","100","random","0.3","0.2","0.7","1","21","12","9"
"1","0.3","0.3","100","random","0.1","0.2","0.7","1","16","13","3"
"4","0.3","0.3","100","random","0.4","0.2","0.7","1","27","18","9"
"2","0.3","0.3","100","random","0.2","0.2","0.7","1","21","17","4"
"3","0.3","0.3","100","random","0.3","0.2","0.7","2","48","33","15"
"1","0.3","0.3","100","random","0.1","0.2","0.7","2","38","29","9"
"4","0.3","0.3","100","random","0.4","0.2","0.7","2","49","38","11"
"2","0.3","0.3","100","random","0.2","0.2","0.7","2","43","31","12"
"3","0.3","0.3","100","random","0.3","0.2","0.7","3","69","48","21"
"4","0.3","0.3","100","random","0.4","0.2","0.7","3","72","53","19"
"1","0.3","0.3","100","random","0.1","0.2","0.7","3","50","38","12"
"2","0.3","0.3","100","random","0.2","0.2","0.7","3","61","43","18"
"3","0.3","0.3","100","random","0.3","0.2","0.7","4","79","55","24"
"4","0.3","0.3","100","random","0.4","0.2","0.7","4","79","57","22"
"3","0.3","0.3","100","random","0.3","0.2","0.7","5","89","62","27"
"4","0.3","0.3","100","random","0.4","0.2","0.7","5","87","63","24"
"2","0.3","0.3","100","random","0.2","0.2","0.7","4","75","54","21"
"3","0.3","0.3","100","random","0.3","0.2","0.7","6","93","65","28"
"4","0.3","0.3","100","random","0.4","0.2","0.7","6","96","68","28"
"1","0.3","0.3","100","random","0.1","0.2","0.7","4","59","43","16"
"3","0.3","0.3","100","random","0.3","0.2","0.7","7","95","66","29"
"4","0.3","0.3","100","random","0.4","0.2","0.7","7","98","69","29"
"2","0.3","0.3","100","random","0.2","0.2","0.7","5","82","59","23"
"4","0.3","0.3","100","random","0.4","0.2","0.7","8","100","70","30"
"3","0.3","0.3","100","random","0.3","0.2","0.7","8","99","69","30"
"3","0.3","0.3","100","random","0.3","0.2","0.7","9","100","70","30"
"2","0.3","0.3","100","random","0.2","0.2","0.7","6","89","65","24"
"1","0.3","0.3","100","random","0.1","0.2","0.7","5","76","53","23"
"2","0.3","0.3","100","random","0.2","0.2","0.7","7","91","65","26"
"1","0.3","0.3","100","random","0.1","0.2","0.7","6","85","60","25"
"2","0.3","0.3","100","random","0.2","0.2","0.7","8","93","66","27"
"2","0.3","0.3","100","random","0.2","0.2","0.7","9","94","67","27"
"1","0.3","0.3","100","random","0.1","0.2","0.7","7","87","60","27"
"2","0.3","0.3","100","random","0.2","0.2","0.7","10","96","67","29"
"2","0.3","0.3","100","random","0.2","0.2","0.7","11","99","69","30"
"1","0.3","0.3","100","random","0.1","0.2","0.7","8","94","66","28"
"2","0.3","0.3","100","random","0.2","0.2","0.7","12","100","70","30"
"1","0.3","0.3","100","random","0.1","0.2","0.7","9","94","66","28"
"1","0.3","0.3","100","random","0.1","0.2","0.7","10","96","68","28"
"1","0.3","0.3","100","random","0.1","0.2","0.7","11","97","68","29"
"1","0.3","0.3","100","random","0.1","0.2","0.7","12","99","69","30"
"1","0.3","0.3","100","random","0.1","0.2","0.7","13","100","70","30"
"5","0.3","0.3","100","random","0.5","0.2","0.7","0","0","0","0"
"5","0.3","0.3","100","random","0.5","0.2","0.7","1","30","22","8"
"5","0.3","0.3","100","random","0.5","0.2","0.7","2","61","44","17"
"7","0.3","0.3","100","random","0.7","0.2","0.7","0","0","0","0"
"6","0.3","0.3","100","random","0.6","0.2","0.7","0","0","0","0"
"5","0.3","0.3","100","random","0.5","0.2","0.7","3","79","55","24"
"5","0.3","0.3","100","random","0.5","0.2","0.7","4","88","61","27"
"6","0.3","0.3","100","random","0.6","0.2","0.7","1","32","20","12"
"5","0.3","0.3","100","random","0.5","0.2","0.7","5","98","68","30"
"7","0.3","0.3","100","random","0.7","0.2","0.7","1","23","19","4"
"8","0.3","0.3","100","random","0.8","0.2","0.7","0","0","0","0"
"5","0.3","0.3","100","random","0.5","0.2","0.7","6","100","70","30"
"6","0.3","0.3","100","random","0.6","0.2","0.7","2","62","42","20"
"7","0.3","0.3","100","random","0.7","0.2","0.7","2","65","48","17"
"6","0.3","0.3","100","random","0.6","0.2","0.7","3","86","61","25"
"6","0.3","0.3","100","random","0.6","0.2","0.7","4","98","69","29"
"7","0.3","0.3","100","random","0.7","0.2","0.7","3","87","60","27"
"6","0.3","0.3","100","random","0.6","0.2","0.7","5","100","70","30"
"8","0.3","0.3","100","random","0.8","0.2","0.7","1","30","17","13"
"7","0.3","0.3","100","random","0.7","0.2","0.7","4","95","66","29"
"7","0.3","0.3","100","random","0.7","0.2","0.7","5","100","70","30"
"8","0.3","0.3","100","random","0.8","0.2","0.7","2","69","46","23"
"8","0.3","0.3","100","random","0.8","0.2","0.7","3","90","62","28"
"8","0.3","0.3","100","random","0.8","0.2","0.7","4","97","67","30"
"8","0.3","0.3","100","random","0.8","0.2","0.7","5","99","69","30"
"8","0.3","0.3","100","random","0.8","0.2","0.7","6","100","70","30"
"10","0.3","0.3","100","random","1","0.2","0.7","0","0","0","0"
"9","0.3","0.3","100","random","0.9","0.2","0.7","0","0","0","0"
"10","0.3","0.3","100","random","1","0.2","0.7","1","30","21","9"
"9","0.3","0.3","100","random","0.9","0.2","0.7","1","16","14","2"
"10","0.3","0.3","100","random","1","0.2","0.7","2","72","52","20"
"9","0.3","0.3","100","random","0.9","0.2","0.7","2","34","26","8"
"10","0.3","0.3","100","random","1","0.2","0.7","3","94","67","27"
"11","0.3","0.3","100","random","0.1","0.2","0.7","0","0","0","0"
"10","0.3","0.3","100","random","1","0.2","0.7","4","100","70","30"
"9","0.3","0.3","100","random","0.9","0.2","0.7","3","60","44","16"
"12","0.3","0.3","100","random","0.2","0.2","0.7","0","0","0","0"
"9","0.3","0.3","100","random","0.9","0.2","0.7","4","88","62","26"
"9","0.3","0.3","100","random","0.9","0.2","0.7","5","98","69","29"
"11","0.3","0.3","100","random","0.1","0.2","0.7","1","23","16","7"
"9","0.3","0.3","100","random","0.9","0.2","0.7","6","100","70","30"
"11","0.3","0.3","100","random","0.1","0.2","0.7","2","38","29","9"
"12","0.3","0.3","100","random","0.2","0.2","0.7","1","21","11","10"
"11","0.3","0.3","100","random","0.1","0.2","0.7","3","56","41","15"
"12","0.3","0.3","100","random","0.2","0.2","0.7","2","45","29","16"
"11","0.3","0.3","100","random","0.1","0.2","0.7","4","66","48","18"
"11","0.3","0.3","100","random","0.1","0.2","0.7","5","81","56","25"
"12","0.3","0.3","100","random","0.2","0.2","0.7","3","59","36","23"
"11","0.3","0.3","100","random","0.1","0.2","0.7","6","88","59","29"
"11","0.3","0.3","100","random","0.1","0.2","0.7","7","89","60","29"
"12","0.3","0.3","100","random","0.2","0.2","0.7","4","73","49","24"
"11","0.3","0.3","100","random","0.1","0.2","0.7","8","94","65","29"
"11","0.3","0.3","100","random","0.1","0.2","0.7","9","95","66","29"
"12","0.3","0.3","100","random","0.2","0.2","0.7","5","79","53","26"
"11","0.3","0.3","100","random","0.1","0.2","0.7","10","95","66","29"
"11","0.3","0.3","100","random","0.1","0.2","0.7","11","96","67","29"
"12","0.3","0.3","100","random","0.2","0.2","0.7","6","84","56","28"
"11","0.3","0.3","100","random","0.1","0.2","0.7","12","97","68","29"
"11","0.3","0.3","100","random","0.1","0.2","0.7","13","97","68","29"
"12","0.3","0.3","100","random","0.2","0.2","0.7","7","90","61","29"
"11","0.3","0.3","100","random","0.1","0.2","0.7","14","98","68","30"
"11","0.3","0.3","100","random","0.1","0.2","0.7","15","98","68","30"
"12","0.3","0.3","100","random","0.2","0.2","0.7","8","92","62","30"
"11","0.3","0.3","100","random","0.1","0.2","0.7","16","99","69","30"
"11","0.3","0.3","100","random","0.1","0.2","0.7","17","100","70","30"
"14","0.3","0.3","100","random","0.4","0.2","0.7","0","0","0","0"
"14","0.3","0.3","100","random","0.4","0.2","0.7","1","28","22","6"
"14","0.3","0.3","100","random","0.4","0.2","0.7","2","54","39","15"
"14","0.3","0.3","100","random","0.4","0.2","0.7","3","73","52","21"
"13","0.3","0.3","100","random","0.3","0.2","0.7","0","0","0","0"
"14","0.3","0.3","100","random","0.4","0.2","0.7","4","87","60","27"
"14","0.3","0.3","100","random","0.4","0.2","0.7","5","93","65","28"
"14","0.3","0.3","100","random","0.4","0.2","0.7","6","97","67","30"
"13","0.3","0.3","100","random","0.3","0.2","0.7","1","25","13","12"
"14","0.3","0.3","100","random","0.4","0.2","0.7","7","97","67","30"
"14","0.3","0.3","100","random","0.4","0.2","0.7","8","99","69","30"
"13","0.3","0.3","100","random","0.3","0.2","0.7","2","54","35","19"
"13","0.3","0.3","100","random","0.3","0.2","0.7","3","77","51","26"
"12","0.3","0.3","100","random","0.2","0.2","0.7","9","96","66","30"
"13","0.3","0.3","100","random","0.3","0.2","0.7","4","86","59","27"
"12","0.3","0.3","100","random","0.2","0.2","0.7","10","98","68","30"
"13","0.3","0.3","100","random","0.3","0.2","0.7","5","93","64","29"
"12","0.3","0.3","100","random","0.2","0.2","0.7","11","99","69","30"
"13","0.3","0.3","100","random","0.3","0.2","0.7","6","97","67","30"
"12","0.3","0.3","100","random","0.2","0.2","0.7","12","100","70","30"
"13","0.3","0.3","100","random","0.3","0.2","0.7","7","100","70","30"
"15","0.3","0.3","100","random","0.5","0.2","0.7","0","0","0","0"
"15","0.3","0.3","100","random","0.5","0.2","0.7","1","21","16","5"
"15","0.3","0.3","100","random","0.5","0.2","0.7","2","45","31","14"
"15","0.3","0.3","100","random","0.5","0.2","0.7","3","71","50","21"
"15","0.3","0.3","100","random","0.5","0.2","0.7","4","86","59","27"
"17","0.3","0.3","100","random","0.7","0.2","0.7","0","0","0","0"
"15","0.3","0.3","100","random","0.5","0.2","0.7","5","92","64","28"
"15","0.3","0.3","100","random","0.5","0.2","0.7","6","96","67","29"
"16","0.3","0.3","100","random","0.6","0.2","0.7","0","0","0","0"
"17","0.3","0.3","100","random","0.7","0.2","0.7","1","25","15","10"
"15","0.3","0.3","100","random","0.5","0.2","0.7","7","98","68","30"
"15","0.3","0.3","100","random","0.5","0.2","0.7","8","99","69","30"
"15","0.3","0.3","100","random","0.5","0.2","0.7","9","100","70","30"
"17","0.3","0.3","100","random","0.7","0.2","0.7","2","60","41","19"
"16","0.3","0.3","100","random","0.6","0.2","0.7","1","28","20","8"
"17","0.3","0.3","100","random","0.7","0.2","0.7","3","81","57","24"
"17","0.3","0.3","100","random","0.7","0.2","0.7","4","91","61","30"
"16","0.3","0.3","100","random","0.6","0.2","0.7","2","52","39","13"
"17","0.3","0.3","100","random","0.7","0.2","0.7","5","97","67","30"
"17","0.3","0.3","100","random","0.7","0.2","0.7","6","100","70","30"
"16","0.3","0.3","100","random","0.6","0.2","0.7","3","76","55","21"
"16","0.3","0.3","100","random","0.6","0.2","0.7","4","94","68","26"
"16","0.3","0.3","100","random","0.6","0.2","0.7","5","99","70","29"
"16","0.3","0.3","100","random","0.6","0.2","0.7","6","100","70","30"
"18","0.3","0.3","100","random","0.8","0.2","0.7","0","0","0","0"
"18","0.3","0.3","100","random","0.8","0.2","0.7","1","31","22","9"
"18","0.3","0.3","100","random","0.8","0.2","0.7","2","59","41","18"
"19","0.3","0.3","100","random","0.9","0.2","0.7","0","0","0","0"
"18","0.3","0.3","100","random","0.8","0.2","0.7","3","90","61","29"
"18","0.3","0.3","100","random","0.8","0.2","0.7","4","99","69","30"
"18","0.3","0.3","100","random","0.8","0.2","0.7","5","100","70","30"
"19","0.3","0.3","100","random","0.9","0.2","0.7","1","41","32","9"
"19","0.3","0.3","100","random","0.9","0.2","0.7","2","74","53","21"
"19","0.3","0.3","100","random","0.9","0.2","0.7","3","97","69","28"
"19","0.3","0.3","100","random","0.9","0.2","0.7","4","100","70","30"
"20","0.3","0.3","100","random","1","0.2","0.7","0","0","0","0"
"20","0.3","0.3","100","random","1","0.2","0.7","1","41","28","13"
"21","0.3","0.3","100","random","0.1","0.2","0.7","0","0","0","0"
"20","0.3","0.3","100","random","1","0.2","0.7","2","79","55","24"
"21","0.3","0.3","100","random","0.1","0.2","0.7","1","26","20","6"
"20","0.3","0.3","100","random","1","0.2","0.7","3","98","69","29"
"20","0.3","0.3","100","random","1","0.2","0.7","4","100","70","30"
"21","0.3","0.3","100","random","0.1","0.2","0.7","2","43","33","10"
"21","0.3","0.3","100","random","0.1","0.2","0.7","3","54","42","12"
"21","0.3","0.3","100","random","0.1","0.2","0.7","4","66","49","17"
"22","0.3","0.3","100","random","0.2","0.2","0.7","0","0","0","0"
"21","0.3","0.3","100","random","0.1","0.2","0.7","5","72","51","21"
"21","0.3","0.3","100","random","0.1","0.2","0.7","6","79","55","24"
"22","0.3","0.3","100","random","0.2","0.2","0.7","1","19","12","7"
"21","0.3","0.3","100","random","0.1","0.2","0.7","7","81","56","25"
"21","0.3","0.3","100","random","0.1","0.2","0.7","8","85","59","26"
"22","0.3","0.3","100","random","0.2","0.2","0.7","2","43","31","12"
"21","0.3","0.3","100","random","0.1","0.2","0.7","9","90","63","27"
"21","0.3","0.3","100","random","0.1","0.2","0.7","10","95","67","28"
"22","0.3","0.3","100","random","0.2","0.2","0.7","3","54","40","14"
"23","0.3","0.3","100","random","0.3","0.2","0.7","0","0","0","0"
"14","0.3","0.3","100","random","0.4","0.2","0.7","9","100","70","30"
"22","0.3","0.3","100","random","0.2","0.2","0.7","4","65","44","21"
"21","0.3","0.3","100","random","0.1","0.2","0.7","11","97","68","29"
"21","0.3","0.3","100","random","0.1","0.2","0.7","12","98","69","29"
"22","0.3","0.3","100","random","0.2","0.2","0.7","5","82","57","25"
"23","0.3","0.3","100","random","0.3","0.2","0.7","1","26","19","7"
"21","0.3","0.3","100","random","0.1","0.2","0.7","13","98","69","29"
"22","0.3","0.3","100","random","0.2","0.2","0.7","6","87","61","26"
"21","0.3","0.3","100","random","0.1","0.2","0.7","14","98","69","29"
"21","0.3","0.3","100","random","0.1","0.2","0.7","15","98","69","29"
"22","0.3","0.3","100","random","0.2","0.2","0.7","7","91","64","27"
"23","0.3","0.3","100","random","0.3","0.2","0.7","2","43","33","10"
"21","0.3","0.3","100","random","0.1","0.2","0.7","16","98","69","29"
"22","0.3","0.3","100","random","0.2","0.2","0.7","8","95","67","28"
"21","0.3","0.3","100","random","0.1","0.2","0.7","17","98","69","29"
"22","0.3","0.3","100","random","0.2","0.2","0.7","9","96","68","28"
"21","0.3","0.3","100","random","0.1","0.2","0.7","18","98","69","29"
"22","0.3","0.3","100","random","0.2","0.2","0.7","10","98","69","29"
"23","0.3","0.3","100","random","0.3","0.2","0.7","3","58","44","14"
"21","0.3","0.3","100","random","0.1","0.2","0.7","19","99","69","30"
"22","0.3","0.3","100","random","0.2","0.2","0.7","11","99","69","30"
"21","0.3","0.3","100","random","0.1","0.2","0.7","20","100","70","30"
"22","0.3","0.3","100","random","0.2","0.2","0.7","12","99","69","30"
"23","0.3","0.3","100","random","0.3","0.2","0.7","4","72","53","19"
"22","0.3","0.3","100","random","0.2","0.2","0.7","13","100","70","30"
"23","0.3","0.3","100","random","0.3","0.2","0.7","5","83","60","23"
"23","0.3","0.3","100","random","0.3","0.2","0.7","6","89","63","26"
"24","0.3","0.3","100","random","0.4","0.2","0.7","0","0","0","0"
"23","0.3","0.3","100","random","0.3","0.2","0.7","7","93","66","27"
"23","0.3","0.3","100","random","0.3","0.2","0.7","8","94","66","28"
"23","0.3","0.3","100","random","0.3","0.2","0.7","9","97","69","28"
"24","0.3","0.3","100","random","0.4","0.2","0.7","1","24","17","7"
"23","0.3","0.3","100","random","0.3","0.2","0.7","10","99","70","29"
"23","0.3","0.3","100","random","0.3","0.2","0.7","11","99","70","29"
"23","0.3","0.3","100","random","0.3","0.2","0.7","12","100","70","30"
"24","0.3","0.3","100","random","0.4","0.2","0.7","2","50","36","14"
"24","0.3","0.3","100","random","0.4","0.2","0.7","3","71","49","22"
"24","0.3","0.3","100","random","0.4","0.2","0.7","4","87","60","27"
"24","0.3","0.3","100","random","0.4","0.2","0.7","5","93","65","28"
"25","0.3","0.3","100","random","0.5","0.2","0.7","0","0","0","0"
"24","0.3","0.3","100","random","0.4","0.2","0.7","6","96","66","30"
"26","0.3","0.3","100","random","0.6","0.2","0.7","0","0","0","0"
"24","0.3","0.3","100","random","0.4","0.2","0.7","7","97","67","30"
"24","0.3","0.3","100","random","0.4","0.2","0.7","8","100","70","30"
"26","0.3","0.3","100","random","0.6","0.2","0.7","1","28","16","12"
"26","0.3","0.3","100","random","0.6","0.2","0.7","2","60","41","19"
"26","0.3","0.3","100","random","0.6","0.2","0.7","3","81","56","25"
"26","0.3","0.3","100","random","0.6","0.2","0.7","4","91","64","27"
"26","0.3","0.3","100","random","0.6","0.2","0.7","5","98","70","28"
"26","0.3","0.3","100","random","0.6","0.2","0.7","6","99","70","29"
"25","0.3","0.3","100","random","0.5","0.2","0.7","1","25","18","7"
"26","0.3","0.3","100","random","0.6","0.2","0.7","7","100","70","30"
"25","0.3","0.3","100","random","0.5","0.2","0.7","2","45","34","11"
"25","0.3","0.3","100","random","0.5","0.2","0.7","3","72","51","21"
"25","0.3","0.3","100","random","0.5","0.2","0.7","4","85","58","27"
"25","0.3","0.3","100","random","0.5","0.2","0.7","5","92","65","27"
"25","0.3","0.3","100","random","0.5","0.2","0.7","6","95","66","29"
"25","0.3","0.3","100","random","0.5","0.2","0.7","7","97","67","30"
"25","0.3","0.3","100","random","0.5","0.2","0.7","8","100","70","30"
"28","0.3","0.3","100","random","0.8","0.2","0.7","0","0","0","0"
"27","0.3","0.3","100","random","0.7","0.2","0.7","0","0","0","0"
"29","0.3","0.3","100","random","0.9","0.2","0.7","0","0","0","0"
"28","0.3","0.3","100","random","0.8","0.2","0.7","1","33","23","10"
"27","0.3","0.3","100","random","0.7","0.2","0.7","1","28","16","12"
"28","0.3","0.3","100","random","0.8","0.2","0.7","2","67","46","21"
"29","0.3","0.3","100","random","0.9","0.2","0.7","1","27","18","9"
"28","0.3","0.3","100","random","0.8","0.2","0.7","3","94","66","28"
"27","0.3","0.3","100","random","0.7","0.2","0.7","2","67","43","24"
"29","0.3","0.3","100","random","0.9","0.2","0.7","2","61","43","18"
"28","0.3","0.3","100","random","0.8","0.2","0.7","4","100","70","30"
"27","0.3","0.3","100","random","0.7","0.2","0.7","3","94","65","29"
"30","0.3","0.3","100","random","1","0.2","0.7","0","0","0","0"
"29","0.3","0.3","100","random","0.9","0.2","0.7","3","93","68","25"
"27","0.3","0.3","100","random","0.7","0.2","0.7","4","98","68","30"
"29","0.3","0.3","100","random","0.9","0.2","0.7","4","97","70","27"
"27","0.3","0.3","100","random","0.7","0.2","0.7","5","99","69","30"
"29","0.3","0.3","100","random","0.9","0.2","0.7","5","99","70","29"
"29","0.3","0.3","100","random","0.9","0.2","0.7","6","100","70","30"
"30","0.3","0.3","100","random","1","0.2","0.7","1","25","20","5"
"27","0.3","0.3","100","random","0.7","0.2","0.7","6","100","70","30"
"30","0.3","0.3","100","random","1","0.2","0.7","2","49","37","12"
"30","0.3","0.3","100","random","1","0.2","0.7","3","81","58","23"
"30","0.3","0.3","100","random","1","0.2","0.7","4","99","70","29"
"30","0.3","0.3","100","random","1","0.2","0.7","5","100","70","30"
"31","0.3","0.3","100","random","0.1","0.2","0.7","0","0","0","0"
"31","0.3","0.3","100","random","0.1","0.2","0.7","1","21","18","3"
"33","0.3","0.3","100","random","0.3","0.2","0.7","0","0","0","0"
"31","0.3","0.3","100","random","0.1","0.2","0.7","2","38","33","5"
"32","0.3","0.3","100","random","0.2","0.2","0.7","0","0","0","0"
"31","0.3","0.3","100","random","0.1","0.2","0.7","3","50","40","10"
"33","0.3","0.3","100","random","0.3","0.2","0.7","1","20","14","6"
"34","0.3","0.3","100","random","0.4","0.2","0.7","0","0","0","0"
"32","0.3","0.3","100","random","0.2","0.2","0.7","1","24","20","4"
"31","0.3","0.3","100","random","0.1","0.2","0.7","4","62","46","16"
"33","0.3","0.3","100","random","0.3","0.2","0.7","2","47","34","13"
"34","0.3","0.3","100","random","0.4","0.2","0.7","1","17","14","3"
"31","0.3","0.3","100","random","0.1","0.2","0.7","5","74","53","21"
"32","0.3","0.3","100","random","0.2","0.2","0.7","2","44","35","9"
"33","0.3","0.3","100","random","0.3","0.2","0.7","3","65","48","17"
"31","0.3","0.3","100","random","0.1","0.2","0.7","6","80","56","24"
"34","0.3","0.3","100","random","0.4","0.2","0.7","2","44","31","13"
"31","0.3","0.3","100","random","0.1","0.2","0.7","7","88","63","25"
"32","0.3","0.3","100","random","0.2","0.2","0.7","3","57","44","13"
"33","0.3","0.3","100","random","0.3","0.2","0.7","4","77","58","19"
"31","0.3","0.3","100","random","0.1","0.2","0.7","8","89","64","25"
"32","0.3","0.3","100","random","0.2","0.2","0.7","4","71","51","20"
"34","0.3","0.3","100","random","0.4","0.2","0.7","3","67","47","20"
"33","0.3","0.3","100","random","0.3","0.2","0.7","5","85","63","22"
"31","0.3","0.3","100","random","0.1","0.2","0.7","9","94","67","27"
"32","0.3","0.3","100","random","0.2","0.2","0.7","5","82","58","24"
"34","0.3","0.3","100","random","0.4","0.2","0.7","4","78","56","22"
"33","0.3","0.3","100","random","0.3","0.2","0.7","6","91","66","25"
"31","0.3","0.3","100","random","0.1","0.2","0.7","10","95","68","27"
"32","0.3","0.3","100","random","0.2","0.2","0.7","6","87","61","26"
"34","0.3","0.3","100","random","0.4","0.2","0.7","5","81","58","23"
"33","0.3","0.3","100","random","0.3","0.2","0.7","7","95","68","27"
"31","0.3","0.3","100","random","0.1","0.2","0.7","11","97","69","28"
"34","0.3","0.3","100","random","0.4","0.2","0.7","6","91","64","27"
"31","0.3","0.3","100","random","0.1","0.2","0.7","12","98","70","28"
"34","0.3","0.3","100","random","0.4","0.2","0.7","7","98","70","28"
"31","0.3","0.3","100","random","0.1","0.2","0.7","13","99","70","29"
"32","0.3","0.3","100","random","0.2","0.2","0.7","7","94","66","28"
"34","0.3","0.3","100","random","0.4","0.2","0.7","8","98","70","28"
"33","0.3","0.3","100","random","0.3","0.2","0.7","8","97","69","28"
"31","0.3","0.3","100","random","0.1","0.2","0.7","14","100","70","30"
"32","0.3","0.3","100","random","0.2","0.2","0.7","8","95","66","29"
"34","0.3","0.3","100","random","0.4","0.2","0.7","9","99","70","29"
"33","0.3","0.3","100","random","0.3","0.2","0.7","9","98","69","29"
"34","0.3","0.3","100","random","0.4","0.2","0.7","10","100","70","30"
"32","0.3","0.3","100","random","0.2","0.2","0.7","9","98","68","30"
"33","0.3","0.3","100","random","0.3","0.2","0.7","10","99","69","30"
"32","0.3","0.3","100","random","0.2","0.2","0.7","10","99","69","30"
"33","0.3","0.3","100","random","0.3","0.2","0.7","11","100","70","30"
"32","0.3","0.3","100","random","0.2","0.2","0.7","11","99","69","30"
"32","0.3","0.3","100","random","0.2","0.2","0.7","12","99","69","30"
"32","0.3","0.3","100","random","0.2","0.2","0.7","13","100","70","30"
"36","0.3","0.3","100","random","0.6","0.2","0.7","0","0","0","0"
"35","0.3","0.3","100","random","0.5","0.2","0.7","0","0","0","0"
"35","0.3","0.3","100","random","0.5","0.2","0.7","1","25","20","5"
"36","0.3","0.3","100","random","0.6","0.2","0.7","1","24","14","10"
"35","0.3","0.3","100","random","0.5","0.2","0.7","2","50","38","12"
"36","0.3","0.3","100","random","0.6","0.2","0.7","2","50","34","16"
"38","0.3","0.3","100","random","0.8","0.2","0.7","0","0","0","0"
"35","0.3","0.3","100","random","0.5","0.2","0.7","3","69","52","17"
"36","0.3","0.3","100","random","0.6","0.2","0.7","3","76","54","22"
"35","0.3","0.3","100","random","0.5","0.2","0.7","4","82","58","24"
"36","0.3","0.3","100","random","0.6","0.2","0.7","4","93","65","28"
"38","0.3","0.3","100","random","0.8","0.2","0.7","1","24","17","7"
"36","0.3","0.3","100","random","0.6","0.2","0.7","5","97","69","28"
"35","0.3","0.3","100","random","0.5","0.2","0.7","5","89","64","25"
"37","0.3","0.3","100","random","0.7","0.2","0.7","0","0","0","0"
"35","0.3","0.3","100","random","0.5","0.2","0.7","6","97","69","28"
"36","0.3","0.3","100","random","0.6","0.2","0.7","6","98","69","29"
"35","0.3","0.3","100","random","0.5","0.2","0.7","7","100","70","30"
"36","0.3","0.3","100","random","0.6","0.2","0.7","7","100","70","30"
"38","0.3","0.3","100","random","0.8","0.2","0.7","2","62","45","17"
"37","0.3","0.3","100","random","0.7","0.2","0.7","1","20","17","3"
"38","0.3","0.3","100","random","0.8","0.2","0.7","3","86","59","27"
"38","0.3","0.3","100","random","0.8","0.2","0.7","4","97","67","30"
"38","0.3","0.3","100","random","0.8","0.2","0.7","5","100","70","30"
"37","0.3","0.3","100","random","0.7","0.2","0.7","2","43","31","12"
"37","0.3","0.3","100","random","0.7","0.2","0.7","3","65","47","18"
"37","0.3","0.3","100","random","0.7","0.2","0.7","4","87","61","26"
"37","0.3","0.3","100","random","0.7","0.2","0.7","5","98","70","28"
"39","0.3","0.3","100","random","0.9","0.2","0.7","0","0","0","0"
"37","0.3","0.3","100","random","0.7","0.2","0.7","6","99","70","29"
"40","0.3","0.3","100","random","1","0.2","0.7","0","0","0","0"
"37","0.3","0.3","100","random","0.7","0.2","0.7","7","100","70","30"
"39","0.3","0.3","100","random","0.9","0.2","0.7","1","29","23","6"
"40","0.3","0.3","100","random","1","0.2","0.7","1","24","18","6"
"39","0.3","0.3","100","random","0.9","0.2","0.7","2","72","53","19"
"40","0.3","0.3","100","random","1","0.2","0.7","2","64","45","19"
"39","0.3","0.3","100","random","0.9","0.2","0.7","3","93","67","26"
"39","0.3","0.3","100","random","0.9","0.2","0.7","4","100","70","30"
"41","0.3","0.3","100","random","0.1","0.2","0.7","0","0","0","0"
"40","0.3","0.3","100","random","1","0.2","0.7","3","92","63","29"
"40","0.3","0.3","100","random","1","0.2","0.7","4","100","70","30"
"41","0.3","0.3","100","random","0.1","0.2","0.7","1","28","19","9"
"41","0.3","0.3","100","random","0.1","0.2","0.7","2","39","27","12"
"42","0.3","0.3","100","random","0.2","0.2","0.7","0","0","0","0"
"41","0.3","0.3","100","random","0.1","0.2","0.7","3","53","33","20"
"43","0.3","0.3","100","random","0.3","0.2","0.7","0","0","0","0"
"41","0.3","0.3","100","random","0.1","0.2","0.7","4","66","41","25"
"42","0.3","0.3","100","random","0.2","0.2","0.7","1","20","14","6"
"41","0.3","0.3","100","random","0.1","0.2","0.7","5","74","49","25"
"43","0.3","0.3","100","random","0.3","0.2","0.7","1","33","21","12"
"44","0.3","0.3","100","random","0.4","0.2","0.7","0","0","0","0"
"41","0.3","0.3","100","random","0.1","0.2","0.7","6","82","56","26"
"42","0.3","0.3","100","random","0.2","0.2","0.7","2","50","33","17"
"41","0.3","0.3","100","random","0.1","0.2","0.7","7","86","59","27"
"43","0.3","0.3","100","random","0.3","0.2","0.7","2","64","44","20"
"44","0.3","0.3","100","random","0.4","0.2","0.7","1","22","16","6"
"41","0.3","0.3","100","random","0.1","0.2","0.7","8","86","59","27"
"42","0.3","0.3","100","random","0.2","0.2","0.7","3","66","44","22"
"43","0.3","0.3","100","random","0.3","0.2","0.7","3","77","54","23"
"41","0.3","0.3","100","random","0.1","0.2","0.7","9","90","62","28"
"41","0.3","0.3","100","random","0.1","0.2","0.7","10","90","62","28"
"44","0.3","0.3","100","random","0.4","0.2","0.7","2","39","27","12"
"43","0.3","0.3","100","random","0.3","0.2","0.7","4","85","62","23"
"42","0.3","0.3","100","random","0.2","0.2","0.7","4","78","53","25"
"41","0.3","0.3","100","random","0.1","0.2","0.7","11","93","65","28"
"43","0.3","0.3","100","random","0.3","0.2","0.7","5","93","67","26"
"44","0.3","0.3","100","random","0.4","0.2","0.7","3","57","43","14"
"42","0.3","0.3","100","random","0.2","0.2","0.7","5","83","58","25"
"43","0.3","0.3","100","random","0.3","0.2","0.7","6","96","68","28"
"41","0.3","0.3","100","random","0.1","0.2","0.7","12","97","68","29"
"43","0.3","0.3","100","random","0.3","0.2","0.7","7","97","68","29"
"42","0.3","0.3","100","random","0.2","0.2","0.7","6","88","61","27"
"41","0.3","0.3","100","random","0.1","0.2","0.7","13","97","68","29"
"44","0.3","0.3","100","random","0.4","0.2","0.7","4","71","52","19"
"43","0.3","0.3","100","random","0.3","0.2","0.7","8","97","68","29"
"41","0.3","0.3","100","random","0.1","0.2","0.7","14","98","69","29"
"42","0.3","0.3","100","random","0.2","0.2","0.7","7","91","63","28"
"43","0.3","0.3","100","random","0.3","0.2","0.7","9","97","68","29"
"41","0.3","0.3","100","random","0.1","0.2","0.7","15","98","69","29"
"44","0.3","0.3","100","random","0.4","0.2","0.7","5","84","61","23"
"43","0.3","0.3","100","random","0.3","0.2","0.7","10","98","69","29"
"41","0.3","0.3","100","random","0.1","0.2","0.7","16","98","69","29"
"42","0.3","0.3","100","random","0.2","0.2","0.7","8","95","65","30"
"44","0.3","0.3","100","random","0.4","0.2","0.7","6","92","65","27"
"43","0.3","0.3","100","random","0.3","0.2","0.7","11","98","69","29"
"41","0.3","0.3","100","random","0.1","0.2","0.7","17","98","69","29"
"42","0.3","0.3","100","random","0.2","0.2","0.7","9","97","67","30"
"41","0.3","0.3","100","random","0.1","0.2","0.7","18","99","70","29"
"44","0.3","0.3","100","random","0.4","0.2","0.7","7","98","69","29"
"43","0.3","0.3","100","random","0.3","0.2","0.7","12","100","70","30"
"44","0.3","0.3","100","random","0.4","0.2","0.7","8","99","70","29"
"42","0.3","0.3","100","random","0.2","0.2","0.7","10","97","67","30"
"41","0.3","0.3","100","random","0.1","0.2","0.7","19","99","70","29"
"44","0.3","0.3","100","random","0.4","0.2","0.7","9","100","70","30"
"41","0.3","0.3","100","random","0.1","0.2","0.7","20","99","70","29"
"42","0.3","0.3","100","random","0.2","0.2","0.7","11","97","67","30"
"41","0.3","0.3","100","random","0.1","0.2","0.7","21","100","70","30"
"42","0.3","0.3","100","random","0.2","0.2","0.7","12","99","69","30"
"42","0.3","0.3","100","random","0.2","0.2","0.7","13","99","69","30"
"42","0.3","0.3","100","random","0.2","0.2","0.7","14","100","70","30"
"45","0.3","0.3","100","random","0.5","0.2","0.7","0","0","0","0"
"45","0.3","0.3","100","random","0.5","0.2","0.7","1","29","20","9"
"45","0.3","0.3","100","random","0.5","0.2","0.7","2","58","42","16"
"45","0.3","0.3","100","random","0.5","0.2","0.7","3","77","54","23"
"46","0.3","0.3","100","random","0.6","0.2","0.7","0","0","0","0"
"47","0.3","0.3","100","random","0.7","0.2","0.7","0","0","0","0"
"45","0.3","0.3","100","random","0.5","0.2","0.7","4","91","63","28"
"45","0.3","0.3","100","random","0.5","0.2","0.7","5","96","66","30"
"45","0.3","0.3","100","random","0.5","0.2","0.7","6","98","68","30"
"47","0.3","0.3","100","random","0.7","0.2","0.7","1","31","26","5"
"45","0.3","0.3","100","random","0.5","0.2","0.7","7","99","69","30"
"46","0.3","0.3","100","random","0.6","0.2","0.7","1","44","28","16"
"45","0.3","0.3","100","random","0.5","0.2","0.7","8","99","69","30"
"45","0.3","0.3","100","random","0.5","0.2","0.7","9","99","69","30"
"45","0.3","0.3","100","random","0.5","0.2","0.7","10","100","70","30"
"48","0.3","0.3","100","random","0.8","0.2","0.7","0","0","0","0"
"46","0.3","0.3","100","random","0.6","0.2","0.7","2","68","48","20"
"47","0.3","0.3","100","random","0.7","0.2","0.7","2","57","40","17"
"46","0.3","0.3","100","random","0.6","0.2","0.7","3","83","57","26"
"47","0.3","0.3","100","random","0.7","0.2","0.7","3","84","56","28"
"48","0.3","0.3","100","random","0.8","0.2","0.7","1","21","16","5"
"47","0.3","0.3","100","random","0.7","0.2","0.7","4","95","65","30"
"46","0.3","0.3","100","random","0.6","0.2","0.7","4","98","69","29"
"46","0.3","0.3","100","random","0.6","0.2","0.7","5","99","69","30"
"47","0.3","0.3","100","random","0.7","0.2","0.7","5","99","69","30"
"46","0.3","0.3","100","random","0.6","0.2","0.7","6","100","70","30"
"47","0.3","0.3","100","random","0.7","0.2","0.7","6","99","69","30"
"47","0.3","0.3","100","random","0.7","0.2","0.7","7","100","70","30"
"48","0.3","0.3","100","random","0.8","0.2","0.7","2","63","43","20"
"48","0.3","0.3","100","random","0.8","0.2","0.7","3","93","66","27"
"49","0.3","0.3","100","random","0.9","0.2","0.7","0","0","0","0"
"48","0.3","0.3","100","random","0.8","0.2","0.7","4","99","69","30"
"48","0.3","0.3","100","random","0.8","0.2","0.7","5","100","70","30"
"49","0.3","0.3","100","random","0.9","0.2","0.7","1","23","17","6"
"49","0.3","0.3","100","random","0.9","0.2","0.7","2","53","39","14"
"50","0.3","0.3","100","random","1","0.2","0.7","0","0","0","0"
"49","0.3","0.3","100","random","0.9","0.2","0.7","3","86","58","28"
"50","0.3","0.3","100","random","1","0.2","0.7","1","19","16","3"
"49","0.3","0.3","100","random","0.9","0.2","0.7","4","99","69","30"
"49","0.3","0.3","100","random","0.9","0.2","0.7","5","100","70","30"
"50","0.3","0.3","100","random","1","0.2","0.7","2","53","38","15"
"51","0.3","0.3","100","random","0.1","0.2","0.7","0","0","0","0"
"50","0.3","0.3","100","random","1","0.2","0.7","3","93","66","27"
"50","0.3","0.3","100","random","1","0.2","0.7","4","100","70","30"
"52","0.3","0.3","100","random","0.2","0.2","0.7","0","0","0","0"
"51","0.3","0.3","100","random","0.1","0.2","0.7","1","23","17","6"
"52","0.3","0.3","100","random","0.2","0.2","0.7","1","21","14","7"
"51","0.3","0.3","100","random","0.1","0.2","0.7","2","36","29","7"
"51","0.3","0.3","100","random","0.1","0.2","0.7","3","55","41","14"
"52","0.3","0.3","100","random","0.2","0.2","0.7","2","43","28","15"
"51","0.3","0.3","100","random","0.1","0.2","0.7","4","65","48","17"
"52","0.3","0.3","100","random","0.2","0.2","0.7","3","61","39","22"
"51","0.3","0.3","100","random","0.1","0.2","0.7","5","73","55","18"
"53","0.3","0.3","100","random","0.3","0.2","0.7","0","0","0","0"
"51","0.3","0.3","100","random","0.1","0.2","0.7","6","79","57","22"
"52","0.3","0.3","100","random","0.2","0.2","0.7","4","72","48","24"
"51","0.3","0.3","100","random","0.1","0.2","0.7","7","88","62","26"
"53","0.3","0.3","100","random","0.3","0.2","0.7","1","29","19","10"
"51","0.3","0.3","100","random","0.1","0.2","0.7","8","91","64","27"
"52","0.3","0.3","100","random","0.2","0.2","0.7","5","83","56","27"
"54","0.3","0.3","100","random","0.4","0.2","0.7","0","0","0","0"
"51","0.3","0.3","100","random","0.1","0.2","0.7","9","93","65","28"
"52","0.3","0.3","100","random","0.2","0.2","0.7","6","90","63","27"
"53","0.3","0.3","100","random","0.3","0.2","0.7","2","50","33","17"
"51","0.3","0.3","100","random","0.1","0.2","0.7","10","94","66","28"
"52","0.3","0.3","100","random","0.2","0.2","0.7","7","94","66","28"
"54","0.3","0.3","100","random","0.4","0.2","0.7","1","34","23","11"
"51","0.3","0.3","100","random","0.1","0.2","0.7","11","95","66","29"
"53","0.3","0.3","100","random","0.3","0.2","0.7","3","66","43","23"
"52","0.3","0.3","100","random","0.2","0.2","0.7","8","97","68","29"
"51","0.3","0.3","100","random","0.1","0.2","0.7","12","95","66","29"
"52","0.3","0.3","100","random","0.2","0.2","0.7","9","98","69","29"
"53","0.3","0.3","100","random","0.3","0.2","0.7","4","78","53","25"
"51","0.3","0.3","100","random","0.1","0.2","0.7","13","95","66","29"
"54","0.3","0.3","100","random","0.4","0.2","0.7","2","57","37","20"
"52","0.3","0.3","100","random","0.2","0.2","0.7","10","98","69","29"
"51","0.3","0.3","100","random","0.1","0.2","0.7","14","95","66","29"
"53","0.3","0.3","100","random","0.3","0.2","0.7","5","87","60","27"
"52","0.3","0.3","100","random","0.2","0.2","0.7","11","99","70","29"
"51","0.3","0.3","100","random","0.1","0.2","0.7","15","97","68","29"
"53","0.3","0.3","100","random","0.3","0.2","0.7","6","91","63","28"
"52","0.3","0.3","100","random","0.2","0.2","0.7","12","99","70","29"
"54","0.3","0.3","100","random","0.4","0.2","0.7","3","69","45","24"
"52","0.3","0.3","100","random","0.2","0.2","0.7","13","100","70","30"
"51","0.3","0.3","100","random","0.1","0.2","0.7","16","97","68","29"
"53","0.3","0.3","100","random","0.3","0.2","0.7","7","95","67","28"
"51","0.3","0.3","100","random","0.1","0.2","0.7","17","98","69","29"
"54","0.3","0.3","100","random","0.4","0.2","0.7","4","82","56","26"
"53","0.3","0.3","100","random","0.3","0.2","0.7","8","98","68","30"
"51","0.3","0.3","100","random","0.1","0.2","0.7","18","99","69","30"
"53","0.3","0.3","100","random","0.3","0.2","0.7","9","100","70","30"
"51","0.3","0.3","100","random","0.1","0.2","0.7","19","99","69","30"
"54","0.3","0.3","100","random","0.4","0.2","0.7","5","92","64","28"
"51","0.3","0.3","100","random","0.1","0.2","0.7","20","99","69","30"
"51","0.3","0.3","100","random","0.1","0.2","0.7","21","99","69","30"
"54","0.3","0.3","100","random","0.4","0.2","0.7","6","96","67","29"
"51","0.3","0.3","100","random","0.1","0.2","0.7","22","100","70","30"
"54","0.3","0.3","100","random","0.4","0.2","0.7","7","99","69","30"
"54","0.3","0.3","100","random","0.4","0.2","0.7","8","100","70","30"
"56","0.3","0.3","100","random","0.6","0.2","0.7","0","0","0","0"
"57","0.3","0.3","100","random","0.7","0.2","0.7","0","0","0","0"
"56","0.3","0.3","100","random","0.6","0.2","0.7","1","28","19","9"
"57","0.3","0.3","100","random","0.7","0.2","0.7","1","23","16","7"
"58","0.3","0.3","100","random","0.8","0.2","0.7","0","0","0","0"
"56","0.3","0.3","100","random","0.6","0.2","0.7","2","52","36","16"
"57","0.3","0.3","100","random","0.7","0.2","0.7","2","54","38","16"
"58","0.3","0.3","100","random","0.8","0.2","0.7","1","29","22","7"
"55","0.3","0.3","100","random","0.5","0.2","0.7","0","0","0","0"
"56","0.3","0.3","100","random","0.6","0.2","0.7","3","77","52","25"
"58","0.3","0.3","100","random","0.8","0.2","0.7","2","59","42","17"
"57","0.3","0.3","100","random","0.7","0.2","0.7","3","74","53","21"
"56","0.3","0.3","100","random","0.6","0.2","0.7","4","87","60","27"
"58","0.3","0.3","100","random","0.8","0.2","0.7","3","81","56","25"
"57","0.3","0.3","100","random","0.7","0.2","0.7","4","92","63","29"
"55","0.3","0.3","100","random","0.5","0.2","0.7","1","32","22","10"
"56","0.3","0.3","100","random","0.6","0.2","0.7","5","98","68","30"
"58","0.3","0.3","100","random","0.8","0.2","0.7","4","96","67","29"
"57","0.3","0.3","100","random","0.7","0.2","0.7","5","97","68","29"
"56","0.3","0.3","100","random","0.6","0.2","0.7","6","100","70","30"
"57","0.3","0.3","100","random","0.7","0.2","0.7","6","99","70","29"
"58","0.3","0.3","100","random","0.8","0.2","0.7","5","100","70","30"
"57","0.3","0.3","100","random","0.7","0.2","0.7","7","100","70","30"
"55","0.3","0.3","100","random","0.5","0.2","0.7","2","64","45","19"
"55","0.3","0.3","100","random","0.5","0.2","0.7","3","82","60","22"
"55","0.3","0.3","100","random","0.5","0.2","0.7","4","91","65","26"
"55","0.3","0.3","100","random","0.5","0.2","0.7","5","95","68","27"
"55","0.3","0.3","100","random","0.5","0.2","0.7","6","99","69","30"
"55","0.3","0.3","100","random","0.5","0.2","0.7","7","99","69","30"
"55","0.3","0.3","100","random","0.5","0.2","0.7","8","99","69","30"
"55","0.3","0.3","100","random","0.5","0.2","0.7","9","100","70","30"
"59","0.3","0.3","100","random","0.9","0.2","0.7","0","0","0","0"
"59","0.3","0.3","100","random","0.9","0.2","0.7","1","16","15","1"
"59","0.3","0.3","100","random","0.9","0.2","0.7","2","48","33","15"
"59","0.3","0.3","100","random","0.9","0.2","0.7","3","80","59","21"
"59","0.3","0.3","100","random","0.9","0.2","0.7","4","94","67","27"
"59","0.3","0.3","100","random","0.9","0.2","0.7","5","99","70","29"
"59","0.3","0.3","100","random","0.9","0.2","0.7","6","100","70","30"
"60","0.3","0.3","100","random","1","0.2","0.7","0","0","0","0"
"61","0.3","0.3","100","random","0.1","0.2","0.7","0","0","0","0"
"60","0.3","0.3","100","random","1","0.2","0.7","1","26","22","4"
"62","0.3","0.3","100","random","0.2","0.2","0.7","0","0","0","0"
"61","0.3","0.3","100","random","0.1","0.2","0.7","1","18","11","7"
"60","0.3","0.3","100","random","1","0.2","0.7","2","49","40","9"
"62","0.3","0.3","100","random","0.2","0.2","0.7","1","19","14","5"
"60","0.3","0.3","100","random","1","0.2","0.7","3","84","63","21"
"61","0.3","0.3","100","random","0.1","0.2","0.7","2","31","20","11"
"60","0.3","0.3","100","random","1","0.2","0.7","4","98","70","28"
"60","0.3","0.3","100","random","1","0.2","0.7","5","100","70","30"
"62","0.3","0.3","100","random","0.2","0.2","0.7","2","37","23","14"
"61","0.3","0.3","100","random","0.1","0.2","0.7","3","50","34","16"
"62","0.3","0.3","100","random","0.2","0.2","0.7","3","56","37","19"
"61","0.3","0.3","100","random","0.1","0.2","0.7","4","67","44","23"
"61","0.3","0.3","100","random","0.1","0.2","0.7","5","75","51","24"
"62","0.3","0.3","100","random","0.2","0.2","0.7","4","72","50","22"
"61","0.3","0.3","100","random","0.1","0.2","0.7","6","81","55","26"
"62","0.3","0.3","100","random","0.2","0.2","0.7","5","79","54","25"
"61","0.3","0.3","100","random","0.1","0.2","0.7","7","89","60","29"
"61","0.3","0.3","100","random","0.1","0.2","0.7","8","93","64","29"
"62","0.3","0.3","100","random","0.2","0.2","0.7","6","87","60","27"
"61","0.3","0.3","100","random","0.1","0.2","0.7","9","93","64","29"
"63","0.3","0.3","100","random","0.3","0.2","0.7","0","0","0","0"
"61","0.3","0.3","100","random","0.1","0.2","0.7","10","93","64","29"
"62","0.3","0.3","100","random","0.2","0.2","0.7","7","92","63","29"
"61","0.3","0.3","100","random","0.1","0.2","0.7","11","95","66","29"
"62","0.3","0.3","100","random","0.2","0.2","0.7","8","95","66","29"
"61","0.3","0.3","100","random","0.1","0.2","0.7","12","96","66","30"
"62","0.3","0.3","100","random","0.2","0.2","0.7","9","97","67","30"
"61","0.3","0.3","100","random","0.1","0.2","0.7","13","98","68","30"
"63","0.3","0.3","100","random","0.3","0.2","0.7","1","20","14","6"
"62","0.3","0.3","100","random","0.2","0.2","0.7","10","98","68","30"
"61","0.3","0.3","100","random","0.1","0.2","0.7","14","98","68","30"
"62","0.3","0.3","100","random","0.2","0.2","0.7","11","99","69","30"
"61","0.3","0.3","100","random","0.1","0.2","0.7","15","98","68","30"
"62","0.3","0.3","100","random","0.2","0.2","0.7","12","99","69","30"
"61","0.3","0.3","100","random","0.1","0.2","0.7","16","98","68","30"
"62","0.3","0.3","100","random","0.2","0.2","0.7","13","99","69","30"
"63","0.3","0.3","100","random","0.3","0.2","0.7","2","48","32","16"
"61","0.3","0.3","100","random","0.1","0.2","0.7","17","99","69","30"
"62","0.3","0.3","100","random","0.2","0.2","0.7","14","99","69","30"
"61","0.3","0.3","100","random","0.1","0.2","0.7","18","100","70","30"
"62","0.3","0.3","100","random","0.2","0.2","0.7","15","99","69","30"
"62","0.3","0.3","100","random","0.2","0.2","0.7","16","100","70","30"
"63","0.3","0.3","100","random","0.3","0.2","0.7","3","56","37","19"
"63","0.3","0.3","100","random","0.3","0.2","0.7","4","70","45","25"
"63","0.3","0.3","100","random","0.3","0.2","0.7","5","78","52","26"
"63","0.3","0.3","100","random","0.3","0.2","0.7","6","84","57","27"
"63","0.3","0.3","100","random","0.3","0.2","0.7","7","92","64","28"
"63","0.3","0.3","100","random","0.3","0.2","0.7","8","95","65","30"
"63","0.3","0.3","100","random","0.3","0.2","0.7","9","96","66","30"
"63","0.3","0.3","100","random","0.3","0.2","0.7","10","99","69","30"
"63","0.3","0.3","100","random","0.3","0.2","0.7","11","99","69","30"
"63","0.3","0.3","100","random","0.3","0.2","0.7","12","99","69","30"
"63","0.3","0.3","100","random","0.3","0.2","0.7","13","100","70","30"
"64","0.3","0.3","100","random","0.4","0.2","0.7","0","0","0","0"
"64","0.3","0.3","100","random","0.4","0.2","0.7","1","22","18","4"
"64","0.3","0.3","100","random","0.4","0.2","0.7","2","36","28","8"
"64","0.3","0.3","100","random","0.4","0.2","0.7","3","57","41","16"
"64","0.3","0.3","100","random","0.4","0.2","0.7","4","70","50","20"
"64","0.3","0.3","100","random","0.4","0.2","0.7","5","85","61","24"
"64","0.3","0.3","100","random","0.4","0.2","0.7","6","91","63","28"
"64","0.3","0.3","100","random","0.4","0.2","0.7","7","95","66","29"
"64","0.3","0.3","100","random","0.4","0.2","0.7","8","98","68","30"
"64","0.3","0.3","100","random","0.4","0.2","0.7","9","98","68","30"
"64","0.3","0.3","100","random","0.4","0.2","0.7","10","100","70","30"
"65","0.3","0.3","100","random","0.5","0.2","0.7","0","0","0","0"
"65","0.3","0.3","100","random","0.5","0.2","0.7","1","25","17","8"
"66","0.3","0.3","100","random","0.6","0.2","0.7","0","0","0","0"
"65","0.3","0.3","100","random","0.5","0.2","0.7","2","55","36","19"
"65","0.3","0.3","100","random","0.5","0.2","0.7","3","77","52","25"
"66","0.3","0.3","100","random","0.6","0.2","0.7","1","18","9","9"
"65","0.3","0.3","100","random","0.5","0.2","0.7","4","88","60","28"
"65","0.3","0.3","100","random","0.5","0.2","0.7","5","98","69","29"
"65","0.3","0.3","100","random","0.5","0.2","0.7","6","98","69","29"
"65","0.3","0.3","100","random","0.5","0.2","0.7","7","99","69","30"
"65","0.3","0.3","100","random","0.5","0.2","0.7","8","99","69","30"
"66","0.3","0.3","100","random","0.6","0.2","0.7","2","52","31","21"
"65","0.3","0.3","100","random","0.5","0.2","0.7","9","100","70","30"
"66","0.3","0.3","100","random","0.6","0.2","0.7","3","79","52","27"
"66","0.3","0.3","100","random","0.6","0.2","0.7","4","90","62","28"
"66","0.3","0.3","100","random","0.6","0.2","0.7","5","98","68","30"
"67","0.3","0.3","100","random","0.7","0.2","0.7","0","0","0","0"
"66","0.3","0.3","100","random","0.6","0.2","0.7","6","100","70","30"
"67","0.3","0.3","100","random","0.7","0.2","0.7","1","29","20","9"
"67","0.3","0.3","100","random","0.7","0.2","0.7","2","65","45","20"
"67","0.3","0.3","100","random","0.7","0.2","0.7","3","83","59","24"
"67","0.3","0.3","100","random","0.7","0.2","0.7","4","93","65","28"
"67","0.3","0.3","100","random","0.7","0.2","0.7","5","100","70","30"
"68","0.3","0.3","100","random","0.8","0.2","0.7","0","0","0","0"
"68","0.3","0.3","100","random","0.8","0.2","0.7","1","33","23","10"
"69","0.3","0.3","100","random","0.9","0.2","0.7","0","0","0","0"
"68","0.3","0.3","100","random","0.8","0.2","0.7","2","70","48","22"
"69","0.3","0.3","100","random","0.9","0.2","0.7","1","20","12","8"
"70","0.3","0.3","100","random","1","0.2","0.7","0","0","0","0"
"71","0.3","0.3","100","random","0.1","0.2","0.7","0","0","0","0"
"68","0.3","0.3","100","random","0.8","0.2","0.7","3","96","67","29"
"69","0.3","0.3","100","random","0.9","0.2","0.7","2","50","33","17"
"68","0.3","0.3","100","random","0.8","0.2","0.7","4","99","69","30"
"68","0.3","0.3","100","random","0.8","0.2","0.7","5","99","69","30"
"68","0.3","0.3","100","random","0.8","0.2","0.7","6","99","69","30"
"69","0.3","0.3","100","random","0.9","0.2","0.7","3","88","60","28"
"68","0.3","0.3","100","random","0.8","0.2","0.7","7","100","70","30"
"70","0.3","0.3","100","random","1","0.2","0.7","1","28","17","11"
"71","0.3","0.3","100","random","0.1","0.2","0.7","1","21","14","7"
"69","0.3","0.3","100","random","0.9","0.2","0.7","4","99","70","29"
"69","0.3","0.3","100","random","0.9","0.2","0.7","5","100","70","30"
"70","0.3","0.3","100","random","1","0.2","0.7","2","67","44","23"
"71","0.3","0.3","100","random","0.1","0.2","0.7","2","32","23","9"
"70","0.3","0.3","100","random","1","0.2","0.7","3","95","67","28"
"71","0.3","0.3","100","random","0.1","0.2","0.7","3","44","31","13"
"70","0.3","0.3","100","random","1","0.2","0.7","4","100","70","30"
"71","0.3","0.3","100","random","0.1","0.2","0.7","4","53","36","17"
"71","0.3","0.3","100","random","0.1","0.2","0.7","5","61","44","17"
"71","0.3","0.3","100","random","0.1","0.2","0.7","6","73","52","21"
"71","0.3","0.3","100","random","0.1","0.2","0.7","7","77","54","23"
"71","0.3","0.3","100","random","0.1","0.2","0.7","8","83","58","25"
"71","0.3","0.3","100","random","0.1","0.2","0.7","9","86","61","25"
"71","0.3","0.3","100","random","0.1","0.2","0.7","10","89","64","25"
"71","0.3","0.3","100","random","0.1","0.2","0.7","11","90","65","25"
"71","0.3","0.3","100","random","0.1","0.2","0.7","12","93","67","26"
"71","0.3","0.3","100","random","0.1","0.2","0.7","13","95","67","28"
"73","0.3","0.3","100","random","0.3","0.2","0.7","0","0","0","0"
"72","0.3","0.3","100","random","0.2","0.2","0.7","0","0","0","0"
"71","0.3","0.3","100","random","0.1","0.2","0.7","14","98","70","28"
"71","0.3","0.3","100","random","0.1","0.2","0.7","15","98","70","28"
"71","0.3","0.3","100","random","0.1","0.2","0.7","16","99","70","29"
"71","0.3","0.3","100","random","0.1","0.2","0.7","17","99","70","29"
"71","0.3","0.3","100","random","0.1","0.2","0.7","18","99","70","29"
"73","0.3","0.3","100","random","0.3","0.2","0.7","1","20","12","8"
"71","0.3","0.3","100","random","0.1","0.2","0.7","19","100","70","30"
"72","0.3","0.3","100","random","0.2","0.2","0.7","1","23","17","6"
"73","0.3","0.3","100","random","0.3","0.2","0.7","2","44","25","19"
"72","0.3","0.3","100","random","0.2","0.2","0.7","2","50","39","11"
"74","0.3","0.3","100","random","0.4","0.2","0.7","0","0","0","0"
"72","0.3","0.3","100","random","0.2","0.2","0.7","3","61","47","14"
"73","0.3","0.3","100","random","0.3","0.2","0.7","3","61","39","22"
"72","0.3","0.3","100","random","0.2","0.2","0.7","4","70","52","18"
"73","0.3","0.3","100","random","0.3","0.2","0.7","4","73","49","24"
"74","0.3","0.3","100","random","0.4","0.2","0.7","1","24","19","5"
"73","0.3","0.3","100","random","0.3","0.2","0.7","5","77","51","26"
"72","0.3","0.3","100","random","0.2","0.2","0.7","5","78","55","23"
"73","0.3","0.3","100","random","0.3","0.2","0.7","6","90","62","28"
"72","0.3","0.3","100","random","0.2","0.2","0.7","6","84","60","24"
"73","0.3","0.3","100","random","0.3","0.2","0.7","7","95","66","29"
"72","0.3","0.3","100","random","0.2","0.2","0.7","7","88","62","26"
"74","0.3","0.3","100","random","0.4","0.2","0.7","2","46","37","9"
"72","0.3","0.3","100","random","0.2","0.2","0.7","8","91","65","26"
"73","0.3","0.3","100","random","0.3","0.2","0.7","8","97","68","29"
"73","0.3","0.3","100","random","0.3","0.2","0.7","9","99","70","29"
"72","0.3","0.3","100","random","0.2","0.2","0.7","9","95","66","29"
"73","0.3","0.3","100","random","0.3","0.2","0.7","10","100","70","30"
"72","0.3","0.3","100","random","0.2","0.2","0.7","10","98","69","29"
"74","0.3","0.3","100","random","0.4","0.2","0.7","3","57","46","11"
"72","0.3","0.3","100","random","0.2","0.2","0.7","11","98","69","29"
"72","0.3","0.3","100","random","0.2","0.2","0.7","12","99","69","30"
"72","0.3","0.3","100","random","0.2","0.2","0.7","13","100","70","30"
"74","0.3","0.3","100","random","0.4","0.2","0.7","4","78","55","23"
"74","0.3","0.3","100","random","0.4","0.2","0.7","5","88","61","27"
"74","0.3","0.3","100","random","0.4","0.2","0.7","6","90","62","28"
"75","0.3","0.3","100","random","0.5","0.2","0.7","0","0","0","0"
"74","0.3","0.3","100","random","0.4","0.2","0.7","7","99","69","30"
"74","0.3","0.3","100","random","0.4","0.2","0.7","8","99","69","30"
"74","0.3","0.3","100","random","0.4","0.2","0.7","9","99","69","30"
"75","0.3","0.3","100","random","0.5","0.2","0.7","1","30","23","7"
"74","0.3","0.3","100","random","0.4","0.2","0.7","10","100","70","30"
"75","0.3","0.3","100","random","0.5","0.2","0.7","2","60","43","17"
"75","0.3","0.3","100","random","0.5","0.2","0.7","3","80","59","21"
"75","0.3","0.3","100","random","0.5","0.2","0.7","4","89","64","25"
"75","0.3","0.3","100","random","0.5","0.2","0.7","5","99","70","29"
"75","0.3","0.3","100","random","0.5","0.2","0.7","6","100","70","30"
"76","0.3","0.3","100","random","0.6","0.2","0.7","0","0","0","0"
"76","0.3","0.3","100","random","0.6","0.2","0.7","1","21","15","6"
"76","0.3","0.3","100","random","0.6","0.2","0.7","2","46","32","14"
"76","0.3","0.3","100","random","0.6","0.2","0.7","3","63","44","19"
"76","0.3","0.3","100","random","0.6","0.2","0.7","4","87","61","26"
"76","0.3","0.3","100","random","0.6","0.2","0.7","5","94","67","27"
"76","0.3","0.3","100","random","0.6","0.2","0.7","6","98","68","30"
"76","0.3","0.3","100","random","0.6","0.2","0.7","7","100","70","30"
"77","0.3","0.3","100","random","0.7","0.2","0.7","0","0","0","0"
"77","0.3","0.3","100","random","0.7","0.2","0.7","1","20","12","8"
"77","0.3","0.3","100","random","0.7","0.2","0.7","2","57","37","20"
"77","0.3","0.3","100","random","0.7","0.2","0.7","3","85","58","27"
"77","0.3","0.3","100","random","0.7","0.2","0.7","4","98","69","29"
"77","0.3","0.3","100","random","0.7","0.2","0.7","5","100","70","30"
"79","0.3","0.3","100","random","0.9","0.2","0.7","0","0","0","0"
"78","0.3","0.3","100","random","0.8","0.2","0.7","0","0","0","0"
"79","0.3","0.3","100","random","0.9","0.2","0.7","1","20","14","6"
"79","0.3","0.3","100","random","0.9","0.2","0.7","2","63","43","20"
"78","0.3","0.3","100","random","0.8","0.2","0.7","1","32","23","9"
"79","0.3","0.3","100","random","0.9","0.2","0.7","3","89","61","28"
"79","0.3","0.3","100","random","0.9","0.2","0.7","4","99","69","30"
"79","0.3","0.3","100","random","0.9","0.2","0.7","5","100","70","30"
"78","0.3","0.3","100","random","0.8","0.2","0.7","2","70","49","21"
"78","0.3","0.3","100","random","0.8","0.2","0.7","3","87","60","27"
"78","0.3","0.3","100","random","0.8","0.2","0.7","4","93","66","27"
"78","0.3","0.3","100","random","0.8","0.2","0.7","5","100","70","30"
"80","0.3","0.3","100","random","1","0.2","0.7","0","0","0","0"
"80","0.3","0.3","100","random","1","0.2","0.7","1","26","22","4"
"80","0.3","0.3","100","random","1","0.2","0.7","2","57","41","16"
"80","0.3","0.3","100","random","1","0.2","0.7","3","84","56","28"
"80","0.3","0.3","100","random","1","0.2","0.7","4","100","70","30"
"81","0.3","0.3","100","random","0.1","0.2","0.7","0","0","0","0"
"81","0.3","0.3","100","random","0.1","0.2","0.7","1","25","16","9"
"81","0.3","0.3","100","random","0.1","0.2","0.7","2","40","27","13"
"81","0.3","0.3","100","random","0.1","0.2","0.7","3","53","36","17"
"81","0.3","0.3","100","random","0.1","0.2","0.7","4","67","46","21"
"81","0.3","0.3","100","random","0.1","0.2","0.7","5","74","51","23"
"83","0.3","0.3","100","random","0.3","0.2","0.7","0","0","0","0"
"82","0.3","0.3","100","random","0.2","0.2","0.7","0","0","0","0"
"81","0.3","0.3","100","random","0.1","0.2","0.7","6","81","57","24"
"81","0.3","0.3","100","random","0.1","0.2","0.7","7","86","59","27"
"81","0.3","0.3","100","random","0.1","0.2","0.7","8","88","61","27"
"82","0.3","0.3","100","random","0.2","0.2","0.7","1","21","11","10"
"83","0.3","0.3","100","random","0.3","0.2","0.7","1","17","9","8"
"81","0.3","0.3","100","random","0.1","0.2","0.7","9","91","62","29"
"81","0.3","0.3","100","random","0.1","0.2","0.7","10","93","63","30"
"82","0.3","0.3","100","random","0.2","0.2","0.7","2","42","27","15"
"81","0.3","0.3","100","random","0.1","0.2","0.7","11","96","66","30"
"81","0.3","0.3","100","random","0.1","0.2","0.7","12","96","66","30"
"83","0.3","0.3","100","random","0.3","0.2","0.7","2","38","26","12"
"81","0.3","0.3","100","random","0.1","0.2","0.7","13","97","67","30"
"81","0.3","0.3","100","random","0.1","0.2","0.7","14","97","67","30"
"82","0.3","0.3","100","random","0.2","0.2","0.7","3","49","30","19"
"81","0.3","0.3","100","random","0.1","0.2","0.7","15","97","67","30"
"81","0.3","0.3","100","random","0.1","0.2","0.7","16","99","69","30"
"81","0.3","0.3","100","random","0.1","0.2","0.7","17","99","69","30"
"83","0.3","0.3","100","random","0.3","0.2","0.7","3","58","38","20"
"81","0.3","0.3","100","random","0.1","0.2","0.7","18","100","70","30"
"82","0.3","0.3","100","random","0.2","0.2","0.7","4","70","46","24"
"83","0.3","0.3","100","random","0.3","0.2","0.7","4","75","51","24"
"82","0.3","0.3","100","random","0.2","0.2","0.7","5","75","50","25"
"83","0.3","0.3","100","random","0.3","0.2","0.7","5","82","58","24"
"82","0.3","0.3","100","random","0.2","0.2","0.7","6","87","60","27"
"82","0.3","0.3","100","random","0.2","0.2","0.7","7","91","63","28"
"83","0.3","0.3","100","random","0.3","0.2","0.7","6","90","63","27"
"82","0.3","0.3","100","random","0.2","0.2","0.7","8","95","65","30"
"83","0.3","0.3","100","random","0.3","0.2","0.7","7","97","68","29"
"82","0.3","0.3","100","random","0.2","0.2","0.7","9","95","65","30"
"83","0.3","0.3","100","random","0.3","0.2","0.7","8","98","69","29"
"82","0.3","0.3","100","random","0.2","0.2","0.7","10","97","67","30"
"83","0.3","0.3","100","random","0.3","0.2","0.7","9","99","69","30"
"82","0.3","0.3","100","random","0.2","0.2","0.7","11","97","67","30"
"83","0.3","0.3","100","random","0.3","0.2","0.7","10","99","69","30"
"82","0.3","0.3","100","random","0.2","0.2","0.7","12","99","69","30"
"83","0.3","0.3","100","random","0.3","0.2","0.7","11","99","69","30"
"82","0.3","0.3","100","random","0.2","0.2","0.7","13","99","69","30"
"83","0.3","0.3","100","random","0.3","0.2","0.7","12","99","69","30"
"82","0.3","0.3","100","random","0.2","0.2","0.7","14","99","69","30"
"83","0.3","0.3","100","random","0.3","0.2","0.7","13","99","69","30"
"83","0.3","0.3","100","random","0.3","0.2","0.7","14","100","70","30"
"82","0.3","0.3","100","random","0.2","0.2","0.7","15","99","69","30"
"82","0.3","0.3","100","random","0.2","0.2","0.7","16","99","69","30"
"82","0.3","0.3","100","random","0.2","0.2","0.7","17","99","69","30"
"82","0.3","0.3","100","random","0.2","0.2","0.7","18","100","70","30"
"84","0.3","0.3","100","random","0.4","0.2","0.7","0","0","0","0"
"84","0.3","0.3","100","random","0.4","0.2","0.7","1","14","11","3"
"84","0.3","0.3","100","random","0.4","0.2","0.7","2","30","22","8"
"84","0.3","0.3","100","random","0.4","0.2","0.7","3","56","39","17"
"84","0.3","0.3","100","random","0.4","0.2","0.7","4","74","52","22"
"84","0.3","0.3","100","random","0.4","0.2","0.7","5","82","57","25"
"85","0.3","0.3","100","random","0.5","0.2","0.7","0","0","0","0"
"84","0.3","0.3","100","random","0.4","0.2","0.7","6","88","62","26"
"84","0.3","0.3","100","random","0.4","0.2","0.7","7","94","67","27"
"87","0.3","0.3","100","random","0.7","0.2","0.7","0","0","0","0"
"85","0.3","0.3","100","random","0.5","0.2","0.7","1","23","18","5"
"84","0.3","0.3","100","random","0.4","0.2","0.7","8","96","68","28"
"84","0.3","0.3","100","random","0.4","0.2","0.7","9","98","68","30"
"84","0.3","0.3","100","random","0.4","0.2","0.7","10","98","68","30"
"84","0.3","0.3","100","random","0.4","0.2","0.7","11","99","69","30"
"87","0.3","0.3","100","random","0.7","0.2","0.7","1","42","31","11"
"84","0.3","0.3","100","random","0.4","0.2","0.7","12","100","70","30"
"85","0.3","0.3","100","random","0.5","0.2","0.7","2","49","38","11"
"87","0.3","0.3","100","random","0.7","0.2","0.7","2","77","56","21"
"85","0.3","0.3","100","random","0.5","0.2","0.7","3","70","51","19"
"87","0.3","0.3","100","random","0.7","0.2","0.7","3","93","66","27"
"86","0.3","0.3","100","random","0.6","0.2","0.7","0","0","0","0"
"85","0.3","0.3","100","random","0.5","0.2","0.7","4","82","59","23"
"87","0.3","0.3","100","random","0.7","0.2","0.7","4","99","69","30"
"87","0.3","0.3","100","random","0.7","0.2","0.7","5","99","69","30"
"87","0.3","0.3","100","random","0.7","0.2","0.7","6","99","69","30"
"85","0.3","0.3","100","random","0.5","0.2","0.7","5","90","63","27"
"87","0.3","0.3","100","random","0.7","0.2","0.7","7","99","69","30"
"85","0.3","0.3","100","random","0.5","0.2","0.7","6","95","66","29"
"87","0.3","0.3","100","random","0.7","0.2","0.7","8","100","70","30"
"86","0.3","0.3","100","random","0.6","0.2","0.7","1","25","18","7"
"85","0.3","0.3","100","random","0.5","0.2","0.7","7","98","68","30"
"85","0.3","0.3","100","random","0.5","0.2","0.7","8","99","69","30"
"85","0.3","0.3","100","random","0.5","0.2","0.7","9","100","70","30"
"86","0.3","0.3","100","random","0.6","0.2","0.7","2","63","41","22"
"86","0.3","0.3","100","random","0.6","0.2","0.7","3","81","54","27"
"86","0.3","0.3","100","random","0.6","0.2","0.7","4","90","62","28"
"86","0.3","0.3","100","random","0.6","0.2","0.7","5","97","69","28"
"86","0.3","0.3","100","random","0.6","0.2","0.7","6","98","70","28"
"86","0.3","0.3","100","random","0.6","0.2","0.7","7","100","70","30"
"88","0.3","0.3","100","random","0.8","0.2","0.7","0","0","0","0"
"88","0.3","0.3","100","random","0.8","0.2","0.7","1","28","21","7"
"88","0.3","0.3","100","random","0.8","0.2","0.7","2","60","42","18"
"88","0.3","0.3","100","random","0.8","0.2","0.7","3","87","65","22"
"89","0.3","0.3","100","random","0.9","0.2","0.7","0","0","0","0"
"88","0.3","0.3","100","random","0.8","0.2","0.7","4","97","69","28"
"88","0.3","0.3","100","random","0.8","0.2","0.7","5","100","70","30"
"89","0.3","0.3","100","random","0.9","0.2","0.7","1","47","30","17"
"90","0.3","0.3","100","random","1","0.2","0.7","0","0","0","0"
"89","0.3","0.3","100","random","0.9","0.2","0.7","2","87","58","29"
"90","0.3","0.3","100","random","1","0.2","0.7","1","18","14","4"
"89","0.3","0.3","100","random","0.9","0.2","0.7","3","99","69","30"
"89","0.3","0.3","100","random","0.9","0.2","0.7","4","100","70","30"
"90","0.3","0.3","100","random","1","0.2","0.7","2","63","42","21"
"90","0.3","0.3","100","random","1","0.2","0.7","3","94","66","28"
"90","0.3","0.3","100","random","1","0.2","0.7","4","99","69","30"
"90","0.3","0.3","100","random","1","0.2","0.7","5","100","70","30"
"91","0.3","0.3","100","random","0.1","0.2","0.7","0","0","0","0"
"91","0.3","0.3","100","random","0.1","0.2","0.7","1","12","7","5"
"92","0.3","0.3","100","random","0.2","0.2","0.7","0","0","0","0"
"91","0.3","0.3","100","random","0.1","0.2","0.7","2","22","16","6"
"93","0.3","0.3","100","random","0.3","0.2","0.7","0","0","0","0"
"92","0.3","0.3","100","random","0.2","0.2","0.7","1","17","12","5"
"91","0.3","0.3","100","random","0.1","0.2","0.7","3","39","28","11"
"93","0.3","0.3","100","random","0.3","0.2","0.7","1","31","25","6"
"92","0.3","0.3","100","random","0.2","0.2","0.7","2","37","27","10"
"94","0.3","0.3","100","random","0.4","0.2","0.7","0","0","0","0"
"92","0.3","0.3","100","random","0.2","0.2","0.7","3","54","38","16"
"93","0.3","0.3","100","random","0.3","0.2","0.7","2","55","45","10"
"91","0.3","0.3","100","random","0.1","0.2","0.7","4","54","40","14"
"92","0.3","0.3","100","random","0.2","0.2","0.7","4","65","46","19"
"94","0.3","0.3","100","random","0.4","0.2","0.7","1","32","23","9"
"93","0.3","0.3","100","random","0.3","0.2","0.7","3","71","56","15"
"91","0.3","0.3","100","random","0.1","0.2","0.7","5","67","47","20"
"92","0.3","0.3","100","random","0.2","0.2","0.7","5","77","53","24"
"93","0.3","0.3","100","random","0.3","0.2","0.7","4","85","64","21"
"94","0.3","0.3","100","random","0.4","0.2","0.7","2","49","35","14"
"93","0.3","0.3","100","random","0.3","0.2","0.7","5","93","67","26"
"92","0.3","0.3","100","random","0.2","0.2","0.7","6","82","56","26"
"91","0.3","0.3","100","random","0.1","0.2","0.7","6","79","54","25"
"93","0.3","0.3","100","random","0.3","0.2","0.7","6","98","70","28"
"92","0.3","0.3","100","random","0.2","0.2","0.7","7","85","59","26"
"93","0.3","0.3","100","random","0.3","0.2","0.7","7","99","70","29"
"94","0.3","0.3","100","random","0.4","0.2","0.7","3","70","52","18"
"93","0.3","0.3","100","random","0.3","0.2","0.7","8","99","70","29"
"91","0.3","0.3","100","random","0.1","0.2","0.7","7","89","61","28"
"93","0.3","0.3","100","random","0.3","0.2","0.7","9","100","70","30"
"92","0.3","0.3","100","random","0.2","0.2","0.7","8","90","63","27"
"94","0.3","0.3","100","random","0.4","0.2","0.7","4","86","62","24"
"91","0.3","0.3","100","random","0.1","0.2","0.7","8","93","63","30"
"92","0.3","0.3","100","random","0.2","0.2","0.7","9","93","65","28"
"94","0.3","0.3","100","random","0.4","0.2","0.7","5","94","68","26"
"91","0.3","0.3","100","random","0.1","0.2","0.7","9","94","64","30"
"94","0.3","0.3","100","random","0.4","0.2","0.7","6","96","68","28"
"92","0.3","0.3","100","random","0.2","0.2","0.7","10","95","67","28"
"94","0.3","0.3","100","random","0.4","0.2","0.7","7","98","68","30"
"92","0.3","0.3","100","random","0.2","0.2","0.7","11","96","68","28"
"91","0.3","0.3","100","random","0.1","0.2","0.7","10","97","67","30"
"94","0.3","0.3","100","random","0.4","0.2","0.7","8","99","69","30"
"92","0.3","0.3","100","random","0.2","0.2","0.7","12","99","69","30"
"91","0.3","0.3","100","random","0.1","0.2","0.7","11","98","68","30"
"92","0.3","0.3","100","random","0.2","0.2","0.7","13","99","69","30"
"94","0.3","0.3","100","random","0.4","0.2","0.7","9","100","70","30"
"91","0.3","0.3","100","random","0.1","0.2","0.7","12","98","68","30"
"92","0.3","0.3","100","random","0.2","0.2","0.7","14","99","69","30"
"92","0.3","0.3","100","random","0.2","0.2","0.7","15","100","70","30"
"91","0.3","0.3","100","random","0.1","0.2","0.7","13","98","68","30"
"91","0.3","0.3","100","random","0.1","0.2","0.7","14","98","68","30"
"91","0.3","0.3","100","random","0.1","0.2","0.7","15","99","69","30"
"91","0.3","0.3","100","random","0.1","0.2","0.7","16","99","69","30"
"91","0.3","0.3","100","random","0.1","0.2","0.7","17","99","69","30"
"91","0.3","0.3","100","random","0.1","0.2","0.7","18","99","69","30"
"91","0.3","0.3","100","random","0.1","0.2","0.7","19","99","69","30"
"91","0.3","0.3","100","random","0.1","0.2","0.7","20","100","70","30"
"95","0.3","0.3","100","random","0.5","0.2","0.7","0","0","0","0"
"95","0.3","0.3","100","random","0.5","0.2","0.7","1","21","14","7"
"95","0.3","0.3","100","random","0.5","0.2","0.7","2","46","33","13"
"97","0.3","0.3","100","random","0.7","0.2","0.7","0","0","0","0"
"96","0.3","0.3","100","random","0.6","0.2","0.7","0","0","0","0"
"95","0.3","0.3","100","random","0.5","0.2","0.7","3","64","45","19"
"96","0.3","0.3","100","random","0.6","0.2","0.7","1","22","13","9"
"95","0.3","0.3","100","random","0.5","0.2","0.7","4","86","61","25"
"97","0.3","0.3","100","random","0.7","0.2","0.7","1","21","17","4"
"98","0.3","0.3","100","random","0.8","0.2","0.7","0","0","0","0"
"95","0.3","0.3","100","random","0.5","0.2","0.7","5","96","67","29"
"95","0.3","0.3","100","random","0.5","0.2","0.7","6","98","69","29"
"97","0.3","0.3","100","random","0.7","0.2","0.7","2","48","33","15"
"96","0.3","0.3","100","random","0.6","0.2","0.7","2","51","35","16"
"95","0.3","0.3","100","random","0.5","0.2","0.7","7","98","69","29"
"95","0.3","0.3","100","random","0.5","0.2","0.7","8","99","70","29"
"95","0.3","0.3","100","random","0.5","0.2","0.7","9","99","70","29"
"97","0.3","0.3","100","random","0.7","0.2","0.7","3","82","55","27"
"98","0.3","0.3","100","random","0.8","0.2","0.7","1","18","12","6"
"95","0.3","0.3","100","random","0.5","0.2","0.7","10","99","70","29"
"96","0.3","0.3","100","random","0.6","0.2","0.7","3","73","48","25"
"95","0.3","0.3","100","random","0.5","0.2","0.7","11","100","70","30"
"97","0.3","0.3","100","random","0.7","0.2","0.7","4","93","65","28"
"97","0.3","0.3","100","random","0.7","0.2","0.7","5","98","70","28"
"96","0.3","0.3","100","random","0.6","0.2","0.7","4","90","60","30"
"97","0.3","0.3","100","random","0.7","0.2","0.7","6","100","70","30"
"96","0.3","0.3","100","random","0.6","0.2","0.7","5","94","64","30"
"98","0.3","0.3","100","random","0.8","0.2","0.7","2","48","31","17"
"96","0.3","0.3","100","random","0.6","0.2","0.7","6","98","68","30"
"96","0.3","0.3","100","random","0.6","0.2","0.7","7","100","70","30"
"98","0.3","0.3","100","random","0.8","0.2","0.7","3","85","58","27"
"98","0.3","0.3","100","random","0.8","0.2","0.7","4","97","68","29"
"98","0.3","0.3","100","random","0.8","0.2","0.7","5","100","70","30"
"99","0.3","0.3","100","random","0.9","0.2","0.7","0","0","0","0"
"100","0.3","0.3","100","random","1","0.2","0.7","0","0","0","0"
"99","0.3","0.3","100","random","0.9","0.2","0.7","1","19","17","2"
"100","0.3","0.3","100","random","1","0.2","0.7","1","37","24","13"
"99","0.3","0.3","100","random","0.9","0.2","0.7","2","57","43","14"
"100","0.3","0.3","100","random","1","0.2","0.7","2","76","54","22"
"100","0.3","0.3","100","random","1","0.2","0.7","3","98","69","29"
"99","0.3","0.3","100","random","0.9","0.2","0.7","3","83","62","21"
"100","0.3","0.3","100","random","1","0.2","0.7","4","100","70","30"
"99","0.3","0.3","100","random","0.9","0.2","0.7","4","98","68","30"
"99","0.3","0.3","100","random","0.9","0.2","0.7","5","100","70","30"
